Status,File,Priority,Lines,Complexity,Depends On,What It Does,Hooks Used,Imports,Exports,Progress Notes
DONE,src/types/auth.types.ts,CRITICAL,80,Low,None,Auth type definitions,None,None,User+Session+Role types,Created comprehensive auth types with roles
DONE,src/types/organization.types.ts,CRITICAL,62,Low,auth.types.ts,Organization types,None,auth types,Organization+Member types,Added multi-tenancy support types
DONE,src/types/campaign.types.ts,CRITICAL,129,Medium,auth+organization,Campaign data types,None,Decimal.js,Campaign+Order+Status types,Built complete campaign management types
DONE,src/types/content.types.ts,HIGH,108,Medium,campaign.types.ts,Content/media types,None,campaign types,Media+Version+Rights types,Complete media and rights management types
DONE,src/lib/auth-client.ts,CRITICAL,55,Medium,Better Auth,Auth client setup,None,better-auth/react,authClient+hooks,Better Auth client with extended fields
DONE,src/lib/api-client.ts,CRITICAL,80,Low,None,Axios instance setup,None,axios,apiClient instance,Axios with auth interceptors configured
DONE,src/services/auth.service.ts,CRITICAL,125,High,auth-client+api-client,Auth API calls,None,clients+types,AuthService class,Complete auth service with all methods
DONE,src/stores/auth.store.ts,CRITICAL,146,Medium,auth.service.ts,Auth state management,None,zustand+service,useAuthStore hook,Zustand store with Better Auth sync
DONE,src/components/layouts/RootLayout.tsx,HIGH,110,Medium,auth.store.ts,Root app layout,useAuthStore,React+store,RootLayout component,Main layout with nav and footer
DONE,src/components/auth/ProtectedRoute.tsx,CRITICAL,68,Medium,auth.store.ts,Route protection,useAuthStore,React+store,ProtectedRoute component,Role-based route protection component
DONE,src/pages/auth/LoginPage.tsx,HIGH,177,High,auth components,Login interface,useForm+useAuth,hookform+auth,LoginPage component,Complete login with social providers
DONE,src/pages/auth/RegisterPage.tsx,HIGH,275,High,auth components,Registration interface,useForm+useAuth,hookform+auth,RegisterPage component,Registration with role selection UI
DONE,src/components/common/Button.tsx,MEDIUM,80,Low,None,Reusable button,None,React+clsx,Button component,Button with variants and loading state
DONE,src/components/common/Input.tsx,MEDIUM,70,Low,None,Form input component,forwardRef,React+clsx,Input component,Input with label and error states
DONE,src/components/common/Card.tsx,MEDIUM,111,Low,None,Card container,None,React+clsx,Card component,Card with header footer variants
DONE,src/hooks/useDebounce.ts,LOW,25,Low,None,Debounce utility hook,useState+useEffect,React,useDebounce hook,Custom hook for debouncing values
DONE,src/utils/cn.ts,LOW,12,Low,None,Classname utility,None,clsx+twMerge,cn function,Utility for merging Tailwind classes
DONE,src/utils/validation.ts,MEDIUM,73,Medium,None,Validation schemas,None,zod,validation schemas,Common Zod schemas for forms
DONE,src/router/index.tsx,HIGH,135,Medium,pages+layouts,App routing setup,None,react-router,Router component,Complete routing with lazy loading
DONE,src/main.tsx,CRITICAL,26,Low,router+styles,App entry point,None,React+router,Root render,App entry with QueryClient setup
DONE,src/pages/dashboard/DashboardPage.tsx,HIGH,171,Medium,auth.store,Dashboard page,useAuthStore,React+components,DashboardPage,Role-specific dashboard views
DONE,src/pages/campaigns/CampaignsPage.tsx,HIGH,176,High,hooks+services,Campaigns listing,useCampaigns,React+hooks,CampaignsPage,Campaign list with API integration
DONE,src/pages/creators/CreatorsPage.tsx,HIGH,168,High,services,Creators listing,None,React+components,CreatorsPage,Creator directory with search
DONE,src/pages/clients/ClientsPage.tsx,HIGH,198,High,services,Clients listing,None,React+components,ClientsPage,Client management table view
DONE,src/pages/settings/SettingsPage.tsx,HIGH,239,High,auth.store,Settings page,useAuthStore+useForm,React+hooks,SettingsPage,Profile and app settings
DONE,src/services/campaign.service.ts,HIGH,103,Medium,api-client,Campaign API,None,axios+types,campaignService,Campaign CRUD operations
DONE,src/services/client.service.ts,HIGH,107,Medium,api-client,Client API,None,axios+types,clientService,Client management API
DONE,src/services/creator.service.ts,HIGH,123,Medium,api-client,Creator API,None,axios+types,creatorService,Creator profiles API
DONE,src/services/media.service.ts,HIGH,117,Medium,api-client,Media API,None,axios+types,mediaService,Content upload and management
DONE,src/hooks/useCampaigns.ts,HIGH,100,Medium,campaign.service,Campaign hooks,useQuery+useMutation,tanstack-query,Campaign hooks,React Query campaign hooks
